{
    "preco_base": 1.00249999,
    "amarelo": 0.02395161,
    "vermelho": 0.05654905
}