{
    "preco_base": 1.00249999,
    "adicional_amarelo": 0.02395161,
    "adicional_vermelho": 0.05654905
}